{
  "resourceType" : "Bundle",
  "id" : "88e9ab12-5525-4785-b3ca-399e960d6f88",
  "meta" : {
    "lastUpdated" : "2022-06-30T12:52:13.163+03:00"
  },
  "type" : "collection",
  "entry" : [{
    "fullUrl" : "https://maximnikolaev.github.io/max-fhir-ru/ValueSet/ru-core-businessEntityIndividualVS",
    "resource" : {
      "resourceType" : "ValueSet",
      "id" : "ru-core-businessEntityIndividualVS",
      "text" : {
        "status" : "generated",
        "div" : "<div xmlns=\"http://www.w3.org/1999/xhtml\"><p>This value set contains 2 concepts</p><p style=\"border: black 1px dotted; background-color: #EEEEEE; padding: 8px; margin-bottom: 8px\">Expansion based on <a href=\"CodeSystem-businessEntityIndividual.html\">Юридическое / физическое лицо v0.2.0 (CodeSystem)</a></p><p>All codes in this table are from the system <a href=\"CodeSystem-businessEntityIndividual.html\"><code>https://maximnikolaev.github.io/max-fhir-ru/CodeSystem/businessEntityIndividual</code></a></p><table class=\"codes\"><tr><td style=\"white-space:nowrap\"><b>Code</b></td><td><b>Display</b></td><td><b>Definition</b></td></tr><tr><td style=\"white-space:nowrap\"><a name=\"https---maximnikolaev.github.io-max-fhir-ru-CodeSystem-businessEntityIndividual-businessEntity\"> </a>  <a href=\"CodeSystem-businessEntityIndividual.html#businessEntityIndividual-businessEntity\">businessEntity</a></td><td>Юридическое лицо</td><td>Юридическое лицо</td></tr><tr><td style=\"white-space:nowrap\"><a name=\"https---maximnikolaev.github.io-max-fhir-ru-CodeSystem-businessEntityIndividual-individual\"> </a>  <a href=\"CodeSystem-businessEntityIndividual.html#businessEntityIndividual-individual\">individual</a></td><td>Физическое лицо</td><td>Физическое лицо</td></tr></table></div>"
      },
      "url" : "https://maximnikolaev.github.io/max-fhir-ru/ValueSet/ru-core-businessEntityIndividualVS",
      "version" : "0.2.0",
      "name" : "RuCoreBusinessEntityIndividualVS",
      "title" : "Юридическое или физическое лицо",
      "status" : "draft",
      "date" : "2022-06-30T12:52:13+03:00",
      "publisher" : "Maxim Nikolaev",
      "contact" : [{
        "telecom" : [{
          "system" : "url",
          "value" : "https://github.com/MaximNikolaev"
        }]
      }],
      "description" : "Определяет, является ли ресурс юридическим или физическом лицом",
      "jurisdiction" : [{
        "coding" : [{
          "system" : "http://unstats.un.org/unsd/methods/m49/m49.htm",
          "code" : "001"
        }]
      }],
      "expansion" : {
        "identifier" : "urn:uuid:6e3fea06-e88d-4e33-816d-69aa1b8451b5",
        "timestamp" : "2022-06-30T12:52:28+03:00",
        "total" : 2,
        "parameter" : [{
          "name" : "excludeNested",
          "valueBoolean" : false
        },
        {
          "name" : "version",
          "valueUri" : "https://maximnikolaev.github.io/max-fhir-ru/CodeSystem/businessEntityIndividual|0.2.0"
        }],
        "contains" : [{
          "system" : "https://maximnikolaev.github.io/max-fhir-ru/CodeSystem/businessEntityIndividual",
          "code" : "businessEntity",
          "display" : "Юридическое лицо"
        },
        {
          "system" : "https://maximnikolaev.github.io/max-fhir-ru/CodeSystem/businessEntityIndividual",
          "code" : "individual",
          "display" : "Физическое лицо"
        }]
      }
    }
  }]
}