<?xml version="1.0" encoding="UTF-8"?>

<CodeSystem xmlns="http://hl7.org/fhir">
  <id value="activityType"/>
  <text>
    <status value="generated"/><div xmlns="http://www.w3.org/1999/xhtml"><p>This code system https://maximnikolaev.github.io/max-fhir-ru/CodeSystem/activityType defines the following codes:</p><table class="codes"><tr><td style="white-space:nowrap"><b>Code</b></td><td><b>Display</b></td><td><b>Definition</b></td></tr><tr><td style="white-space:nowrap">lo<a name="activityType-lo"> </a></td><td>ЛО</td><td>Лицензируемая организация, то есть новая организация, которая собирает данные для получения лицензии (ещё не МО, ФО и ОО)</td></tr><tr><td style="white-space:nowrap">mo<a name="activityType-mo"> </a></td><td>МО</td><td>Медицинская организация</td></tr><tr><td style="white-space:nowrap">fo<a name="activityType-fo"> </a></td><td>ФО</td><td>Фармацевтическая организация</td></tr><tr><td style="white-space:nowrap">oo<a name="activityType-oo"> </a></td><td>ОО</td><td>Образовательная организация</td></tr><tr><td style="white-space:nowrap">ho<a name="activityType-ho"> </a></td><td>ОЗ</td><td>Организатор здравоохранения</td></tr><tr><td style="white-space:nowrap">io<a name="activityType-io"> </a></td><td>СО</td><td>Страховая организация</td></tr></table></div>
  </text>
  <url value="https://maximnikolaev.github.io/max-fhir-ru/CodeSystem/activityType"/>
  <version value="0.2.0"/>
  <name value="ActivityType"/>
  <title value="Тип деятельности организации"/>
  <status value="draft"/>
  <date value="2022-07-01T21:06:10+03:00"/>
  <publisher value="Maxim Nikolaev"/>
  <contact>
    <telecom>
      <system value="url"/>
      <value value="https://github.com/MaximNikolaev"/>
    </telecom>
  </contact>
  <description value="Классификатор типов деятельности организации"/>
  <jurisdiction>
    <coding>
      <system value="http://unstats.un.org/unsd/methods/m49/m49.htm"/>
      <code value="001"/>
    </coding>
  </jurisdiction>
  <caseSensitive value="false"/>
  <content value="complete"/>
  <concept>
    <code value="lo"/>
    <display value="ЛО"/>
    <definition value="Лицензируемая организация, то есть новая организация, которая собирает данные для получения лицензии (ещё не МО, ФО и ОО)"/>
  </concept>
  <concept>
    <code value="mo"/>
    <display value="МО"/>
    <definition value="Медицинская организация"/>
  </concept>
  <concept>
    <code value="fo"/>
    <display value="ФО"/>
    <definition value="Фармацевтическая организация"/>
  </concept>
  <concept>
    <code value="oo"/>
    <display value="ОО"/>
    <definition value="Образовательная организация"/>
  </concept>
  <concept>
    <code value="ho"/>
    <display value="ОЗ"/>
    <definition value="Организатор здравоохранения"/>
  </concept>
  <concept>
    <code value="io"/>
    <display value="СО"/>
    <definition value="Страховая организация"/>
  </concept>
</CodeSystem>