<?xml version="1.0" encoding="UTF-8"?><ImplementationGuide xmlns="http://hl7.org/fhir"><id value="hl7.fhir.uv.max-fhir-ru"/><text><status value="extensions"/><div xmlns="http://www.w3.org/1999/xhtml"><h2>MaxFhirRu</h2><p>The official URL for this implementation guide is: </p><pre>https://maximnikolaev.github.io/max-fhir-ru/ImplementationGuide/hl7.fhir.uv.max-fhir-ru</pre><div><p>unofficial FHIR ru-core implementation guide for Russian Federation</p>
</div></div></text><extension url="http://hl7.org/fhir/StructureDefinition/structuredefinition-standards-status"><valueCode value="draft"/></extension><extension url="http://hl7.org/fhir/StructureDefinition/structuredefinition-fmm"><valueInteger value="1"/></extension><url value="https://maximnikolaev.github.io/max-fhir-ru/ImplementationGuide/hl7.fhir.uv.max-fhir-ru"/><version value="0.2.0"/><name value="MaxFhirRu"/><title value="unofficial FHIR ru-core implementation guide for Russian Federation"/><status value="draft"/><experimental value="false"/><date value="2022-06-30T12:52:13+03:00"/><publisher value="Maxim Nikolaev"/><contact><telecom><system value="url"/><value value="https://github.com/MaximNikolaev"/></telecom></contact><description value="unofficial FHIR ru-core implementation guide for Russian Federation"/><jurisdiction><coding><system value="http://unstats.un.org/unsd/methods/m49/m49.htm"/><code value="001"/></coding></jurisdiction><packageId value="hl7.fhir.uv.max-fhir-ru"/><license value="CC0-1.0"/><fhirVersion value="4.0.1"/><dependsOn id="hl7tx"><uri value="http://terminology.hl7.org/ImplementationGuide/hl7.terminology"/><packageId value="hl7.terminology.r4"/><version value="3.1.0"/></dependsOn><definition><extension url="http://hl7.org/fhir/tools/StructureDefinition/ig-parameter"><extension url="code"><valueString value="copyrightyear"/></extension><extension url="value"><valueString value="2022+"/></extension></extension><extension url="http://hl7.org/fhir/tools/StructureDefinition/ig-parameter"><extension url="code"><valueString value="releaselabel"/></extension><extension url="value"><valueString value="draft Build"/></extension></extension><extension url="http://hl7.org/fhir/tools/StructureDefinition/ig-parameter"><extension url="code"><valueString value="shownav"/></extension><extension url="value"><valueString value="true"/></extension></extension><extension url="http://hl7.org/fhir/tools/StructureDefinition/ig-parameter"><extension url="code"><valueString value="showsource"/></extension><extension url="value"><valueString value="true"/></extension></extension><extension url="http://hl7.org/fhir/tools/StructureDefinition/ig-parameter"><extension url="code"><valueString value="autoload-resources"/></extension><extension url="value"><valueString value="true"/></extension></extension><extension url="http://hl7.org/fhir/tools/StructureDefinition/ig-parameter"><extension url="code"><valueString value="path-liquid"/></extension><extension url="value"><valueString value="template/liquid"/></extension></extension><extension url="http://hl7.org/fhir/tools/StructureDefinition/ig-parameter"><extension url="code"><valueString value="path-liquid"/></extension><extension url="value"><valueString value="input/liquid"/></extension></extension><extension url="http://hl7.org/fhir/tools/StructureDefinition/ig-parameter"><extension url="code"><valueString value="path-qa"/></extension><extension url="value"><valueString value="temp/qa"/></extension></extension><extension url="http://hl7.org/fhir/tools/StructureDefinition/ig-parameter"><extension url="code"><valueString value="path-temp"/></extension><extension url="value"><valueString value="temp/pages"/></extension></extension><extension url="http://hl7.org/fhir/tools/StructureDefinition/ig-parameter"><extension url="code"><valueString value="path-output"/></extension><extension url="value"><valueString value="output"/></extension></extension><extension url="http://hl7.org/fhir/tools/StructureDefinition/ig-parameter"><extension url="code"><valueString value="path-suppressed-warnings"/></extension><extension url="value"><valueString value="input/ignoreWarnings.txt"/></extension></extension><extension url="http://hl7.org/fhir/tools/StructureDefinition/ig-parameter"><extension url="code"><valueString value="path-history"/></extension><extension url="value"><valueString value="https://maximnikolaev.github.io/max-fhir-ru/history.html"/></extension></extension><extension url="http://hl7.org/fhir/tools/StructureDefinition/ig-parameter"><extension url="code"><valueString value="template-html"/></extension><extension url="value"><valueString value="template-page.html"/></extension></extension><extension url="http://hl7.org/fhir/tools/StructureDefinition/ig-parameter"><extension url="code"><valueString value="template-md"/></extension><extension url="value"><valueString value="template-page-md.html"/></extension></extension><extension url="http://hl7.org/fhir/tools/StructureDefinition/ig-parameter"><extension url="code"><valueString value="apply-contact"/></extension><extension url="value"><valueString value="true"/></extension></extension><extension url="http://hl7.org/fhir/tools/StructureDefinition/ig-parameter"><extension url="code"><valueString value="apply-context"/></extension><extension url="value"><valueString value="true"/></extension></extension><extension url="http://hl7.org/fhir/tools/StructureDefinition/ig-parameter"><extension url="code"><valueString value="apply-copyright"/></extension><extension url="value"><valueString value="true"/></extension></extension><extension url="http://hl7.org/fhir/tools/StructureDefinition/ig-parameter"><extension url="code"><valueString value="apply-jurisdiction"/></extension><extension url="value"><valueString value="true"/></extension></extension><extension url="http://hl7.org/fhir/tools/StructureDefinition/ig-parameter"><extension url="code"><valueString value="apply-license"/></extension><extension url="value"><valueString value="true"/></extension></extension><extension url="http://hl7.org/fhir/tools/StructureDefinition/ig-parameter"><extension url="code"><valueString value="apply-publisher"/></extension><extension url="value"><valueString value="true"/></extension></extension><extension url="http://hl7.org/fhir/tools/StructureDefinition/ig-parameter"><extension url="code"><valueString value="apply-version"/></extension><extension url="value"><valueString value="true"/></extension></extension><extension url="http://hl7.org/fhir/tools/StructureDefinition/ig-parameter"><extension url="code"><valueString value="active-tables"/></extension><extension url="value"><valueString value="true"/></extension></extension><grouping id="-str-profile"><name value="Structures: Resource Profiles"/><description value="These define constraints on FHIR resources for systems conforming to this implementation guide"/></grouping><grouping id="-str-extension"><name value="Structures: Extension Definitions"/><description value="These define constraints on FHIR data types for systems conforming to this implementation guide"/></grouping><grouping id="-term-valueset"><name value="Terminology: Value Sets"/><description value="These define sets of codes used by systems conforming to this implementation guide"/></grouping><grouping id="-term-codesystem"><name value="Terminology: Code Systems"/><description value="These define new code systems used by systems conforming to this implementation guide"/></grouping><grouping id="-ex-example"><name value="Example: Example Instances"/><description value="These are example instances that show what data produced and consumed by systems conforming with this implementation guide might look like"/></grouping><resource><extension url="http://hl7.org/fhir/StructureDefinition/implementationguide-page"><valueUri value="Organization-example-ru-core-organization-mednet.html"/></extension><reference><reference value="Organization/example-ru-core-organization-mednet"/></reference><name value="Example Organization - example-ru-core-organization-mednet"/><exampleCanonical value="https://maximnikolaev.github.io/max-fhir-ru/StructureDefinition/ru-core-organization"/><groupingId value="-ex-example"/></resource><resource><extension url="http://hl7.org/fhir/StructureDefinition/implementationguide-page"><valueUri value="CodeSystem-activityKindFrmo.html"/></extension><reference><reference value="CodeSystem/activityKindFrmo"/></reference><name value="Вид деятельности организации (ФРМО)"/><description value="ФРМО. Номенклатура медицинских организаций по виду медицинской деятельности"/><groupingId value="-term-codesystem"/></resource><resource><extension url="http://hl7.org/fhir/StructureDefinition/implementationguide-page"><valueUri value="CodeSystem-activityKindRzn.html"/></extension><reference><reference value="CodeSystem/activityKindRzn"/></reference><name value="Вид деятельности организации (РЗН)"/><description value="Справочник видов деятельности по классификации Росздравнадзора"/><groupingId value="-term-codesystem"/></resource><resource><extension url="http://hl7.org/fhir/StructureDefinition/implementationguide-page"><valueUri value="CodeSystem-activityType.html"/></extension><reference><reference value="CodeSystem/activityType"/></reference><name value="Тип деятельности организации"/><description value="Классификатор типов деятельности организации"/><groupingId value="-term-codesystem"/></resource><resource><extension url="http://hl7.org/fhir/StructureDefinition/implementationguide-page"><valueUri value="CodeSystem-businessEntityIndividual.html"/></extension><reference><reference value="CodeSystem/businessEntityIndividual"/></reference><name value="Юридическое / физическое лицо"/><description value="Юридическое или физическое лицо (используется для организаций)"/><groupingId value="-term-codesystem"/></resource><resource><extension url="http://hl7.org/fhir/StructureDefinition/implementationguide-page"><valueUri value="CodeSystem-okato.html"/></extension><reference><reference value="CodeSystem/okato"/></reference><name value="Классификатор ОКАТО"/><description value="Общероссийский классификатор объектов административно-территориального деления"/><groupingId value="-term-codesystem"/></resource><resource><extension url="http://hl7.org/fhir/StructureDefinition/implementationguide-page"><valueUri value="CodeSystem-okfs.html"/></extension><reference><reference value="CodeSystem/okfs"/></reference><name value="Классификатор ОКФС"/><description value="Общероссийский классификатор форм собственности"/><groupingId value="-term-codesystem"/></resource><resource><extension url="http://hl7.org/fhir/StructureDefinition/implementationguide-page"><valueUri value="CodeSystem-okogu.html"/></extension><reference><reference value="CodeSystem/okogu"/></reference><name value="Классификатор ОКОГУ"/><description value="Общероссийский классификатор органов государственной власти и управления"/><groupingId value="-term-codesystem"/></resource><resource><extension url="http://hl7.org/fhir/StructureDefinition/implementationguide-page"><valueUri value="CodeSystem-okopf.html"/></extension><reference><reference value="CodeSystem/okopf"/></reference><name value="Классификатор ОКОПФ"/><description value="Общероссийский классификатор организационно-правовых форм"/><groupingId value="-term-codesystem"/></resource><resource><extension url="http://hl7.org/fhir/StructureDefinition/implementationguide-page"><valueUri value="CodeSystem-oktmo.html"/></extension><reference><reference value="CodeSystem/oktmo"/></reference><name value="Классификатор ОКТМО"/><description value="Общероссийский классификатор территорий муниципальных образований"/><groupingId value="-term-codesystem"/></resource><resource><extension url="http://hl7.org/fhir/StructureDefinition/implementationguide-page"><valueUri value="CodeSystem-okved.html"/></extension><reference><reference value="CodeSystem/okved"/></reference><name value="Классификатор ОКВЭД"/><description value="Общероссийский классификатор видов экономической деятельности"/><groupingId value="-term-codesystem"/></resource><resource><extension url="http://hl7.org/fhir/StructureDefinition/implementationguide-page"><valueUri value="StructureDefinition-ru-core-activityKindFrmo.html"/></extension><reference><reference value="StructureDefinition/ru-core-activityKindFrmo"/></reference><name value="Вид деятельности (ФРМО)"/><description value="ФРМО. Номенклатура медицинских организаций по виду медицинской деятельности"/><groupingId value="-str-extension"/></resource><resource><extension url="http://hl7.org/fhir/StructureDefinition/implementationguide-page"><valueUri value="StructureDefinition-ru-core-activityKindRzn.html"/></extension><reference><reference value="StructureDefinition/ru-core-activityKindRzn"/></reference><name value="Вид деятельности (РЗН)"/><description value="Справочник видов деятельности по классификации Росздравнадзора"/><groupingId value="-str-extension"/></resource><resource><extension url="http://hl7.org/fhir/StructureDefinition/implementationguide-page"><valueUri value="StructureDefinition-ru-core-activityType.html"/></extension><reference><reference value="StructureDefinition/ru-core-activityType"/></reference><name value="Тип деятельности"/><description value="Классификация организаций по типам деятельности"/><groupingId value="-str-extension"/></resource><resource><extension url="http://hl7.org/fhir/StructureDefinition/implementationguide-page"><valueUri value="StructureDefinition-ru-core-businessEntityIndividual.html"/></extension><reference><reference value="StructureDefinition/ru-core-businessEntityIndividual"/></reference><name value="Юридическое / физическое лицо"/><description value="Юридическое / физическое лицо"/><groupingId value="-str-extension"/></resource><resource><extension url="http://hl7.org/fhir/StructureDefinition/implementationguide-page"><valueUri value="StructureDefinition-ru-core-fssRegistration.html"/></extension><reference><reference value="StructureDefinition/ru-core-fssRegistration"/></reference><name value="Данные о регистрации в ФСС"/><description value="Данные о регистрации в ФСС Фонде Социального Страхования Российской Федерации (рег. номер в ПФР и наименование органа ФСС)"/><groupingId value="-str-extension"/></resource><resource><extension url="http://hl7.org/fhir/StructureDefinition/implementationguide-page"><valueUri value="StructureDefinition-ru-core-okato.html"/></extension><reference><reference value="StructureDefinition/ru-core-okato"/></reference><name value="ОКАТО"/><description value="ОКАТО Общероссийский классификатор объектов административно-территориального деления"/><groupingId value="-str-extension"/></resource><resource><extension url="http://hl7.org/fhir/StructureDefinition/implementationguide-page"><valueUri value="StructureDefinition-ru-core-okfs.html"/></extension><reference><reference value="StructureDefinition/ru-core-okfs"/></reference><name value="ОКФС"/><description value="ОКФС Общероссийский классификатор форм собственности"/><groupingId value="-str-extension"/></resource><resource><extension url="http://hl7.org/fhir/StructureDefinition/implementationguide-page"><valueUri value="StructureDefinition-ru-core-okogu.html"/></extension><reference><reference value="StructureDefinition/ru-core-okogu"/></reference><name value="ОКОГУ"/><description value="ОКОГУ Общероссийский классификатор органов государственной власти и управления"/><groupingId value="-str-extension"/></resource><resource><extension url="http://hl7.org/fhir/StructureDefinition/implementationguide-page"><valueUri value="StructureDefinition-ru-core-okopf.html"/></extension><reference><reference value="StructureDefinition/ru-core-okopf"/></reference><name value="ОКОПФ"/><description value="ОКОПФ Общероссийский классификатор организационно-правовых форм"/><groupingId value="-str-extension"/></resource><resource><extension url="http://hl7.org/fhir/StructureDefinition/implementationguide-page"><valueUri value="StructureDefinition-ru-core-okpo.html"/></extension><reference><reference value="StructureDefinition/ru-core-okpo"/></reference><name value="ОКПО"/><description value="Код по ОКПО Общероссийский классификатор предприятий и организаций"/><groupingId value="-str-extension"/></resource><resource><extension url="http://hl7.org/fhir/StructureDefinition/implementationguide-page"><valueUri value="StructureDefinition-ru-core-oktmo.html"/></extension><reference><reference value="StructureDefinition/ru-core-oktmo"/></reference><name value="ОКТМО"/><description value="ОКТМО Общероссийский классификатор территорий муниципальных образований"/><groupingId value="-str-extension"/></resource><resource><extension url="http://hl7.org/fhir/StructureDefinition/implementationguide-page"><valueUri value="StructureDefinition-ru-core-okved.html"/></extension><reference><reference value="StructureDefinition/ru-core-okved"/></reference><name value="ОКВЭД"/><description value="ОКВЭД Общероссийский классификатор видов экономической деятельности"/><groupingId value="-str-extension"/></resource><resource><extension url="http://hl7.org/fhir/StructureDefinition/implementationguide-page"><valueUri value="StructureDefinition-ru-core-organization.html"/></extension><reference><reference value="StructureDefinition/ru-core-organization"/></reference><name value="Организация (профиль)"/><description value="Определяет базовый профиль Организация"/><groupingId value="-str-profile"/></resource><resource><extension url="http://hl7.org/fhir/StructureDefinition/implementationguide-page"><valueUri value="StructureDefinition-ru-core-pfrRegistration.html"/></extension><reference><reference value="StructureDefinition/ru-core-pfrRegistration"/></reference><name value="Данные о регистрации в ПФР"/><description value="Данные о регистрации в ПФР Пенсионном Фонде Российской Федерации (рег. номер в ПФР и наименование органа ПФР)"/><groupingId value="-str-extension"/></resource><resource><extension url="http://hl7.org/fhir/StructureDefinition/implementationguide-page"><valueUri value="StructureDefinition-ru-core-stateRegistration.html"/></extension><reference><reference value="StructureDefinition/ru-core-stateRegistration"/></reference><name value="Свидетельство о гос. регистрации"/><description value="Данные о государственной регистрации юридического лица / ИП (номер и дата свидетельства)"/><groupingId value="-str-extension"/></resource><resource><extension url="http://hl7.org/fhir/StructureDefinition/implementationguide-page"><valueUri value="ValueSet-ru-core-businessEntityIndividualVS.html"/></extension><reference><reference value="ValueSet/ru-core-businessEntityIndividualVS"/></reference><name value="Юридическое или физическое лицо"/><description value="Определяет, является ли ресурс юридическим или физическом лицом"/><groupingId value="-term-valueset"/></resource><page><nameUrl value="toc.html"/><title value="Содержание"/><generation value="html"/><page><nameUrl value="index.html"/><title value="Руководство"/><generation value="markdown"/></page><page><nameUrl value="downloads.html"/><title value="Загрузки"/><generation value="html"/></page><page><nameUrl value="artifacts.html"/><title value="Сводка по материалам"/><generation value="html"/><page><nameUrl value="StructureDefinition-ru-core-organization.html"/><title value="Организация (профиль)"/><generation value="generated"/></page><page><nameUrl value="StructureDefinition-ru-core-activityKindFrmo.html"/><title value="Вид деятельности (ФРМО)"/><generation value="generated"/></page><page><nameUrl value="StructureDefinition-ru-core-activityKindRzn.html"/><title value="Вид деятельности (РЗН)"/><generation value="generated"/></page><page><nameUrl value="StructureDefinition-ru-core-activityType.html"/><title value="Тип деятельности"/><generation value="generated"/></page><page><nameUrl value="StructureDefinition-ru-core-businessEntityIndividual.html"/><title value="Юридическое / физическое лицо"/><generation value="generated"/></page><page><nameUrl value="StructureDefinition-ru-core-fssRegistration.html"/><title value="Данные о регистрации в ФСС"/><generation value="generated"/></page><page><nameUrl value="StructureDefinition-ru-core-okato.html"/><title value="ОКАТО"/><generation value="generated"/></page><page><nameUrl value="StructureDefinition-ru-core-okfs.html"/><title value="ОКФС"/><generation value="generated"/></page><page><nameUrl value="StructureDefinition-ru-core-okogu.html"/><title value="ОКОГУ"/><generation value="generated"/></page><page><nameUrl value="StructureDefinition-ru-core-okopf.html"/><title value="ОКОПФ"/><generation value="generated"/></page><page><nameUrl value="StructureDefinition-ru-core-okpo.html"/><title value="ОКПО"/><generation value="generated"/></page><page><nameUrl value="StructureDefinition-ru-core-oktmo.html"/><title value="ОКТМО"/><generation value="generated"/></page><page><nameUrl value="StructureDefinition-ru-core-okved.html"/><title value="ОКВЭД"/><generation value="generated"/></page><page><nameUrl value="StructureDefinition-ru-core-pfrRegistration.html"/><title value="Данные о регистрации в ПФР"/><generation value="generated"/></page><page><nameUrl value="StructureDefinition-ru-core-stateRegistration.html"/><title value="Свидетельство о гос. регистрации"/><generation value="generated"/></page><page><nameUrl value="ValueSet-ru-core-businessEntityIndividualVS.html"/><title value="Юридическое или физическое лицо"/><generation value="generated"/></page><page><nameUrl value="CodeSystem-activityKindFrmo.html"/><title value="Вид деятельности организации (ФРМО)"/><generation value="generated"/></page><page><nameUrl value="CodeSystem-activityKindRzn.html"/><title value="Вид деятельности организации (РЗН)"/><generation value="generated"/></page><page><nameUrl value="CodeSystem-activityType.html"/><title value="Тип деятельности организации"/><generation value="generated"/></page><page><nameUrl value="CodeSystem-businessEntityIndividual.html"/><title value="Юридическое / физическое лицо"/><generation value="generated"/></page><page><nameUrl value="CodeSystem-okato.html"/><title value="Классификатор ОКАТО"/><generation value="generated"/></page><page><nameUrl value="CodeSystem-okfs.html"/><title value="Классификатор ОКФС"/><generation value="generated"/></page><page><nameUrl value="CodeSystem-okogu.html"/><title value="Классификатор ОКОГУ"/><generation value="generated"/></page><page><nameUrl value="CodeSystem-okopf.html"/><title value="Классификатор ОКОПФ"/><generation value="generated"/></page><page><nameUrl value="CodeSystem-oktmo.html"/><title value="Классификатор ОКТМО"/><generation value="generated"/></page><page><nameUrl value="CodeSystem-okved.html"/><title value="Классификатор ОКВЭД"/><generation value="generated"/></page><page><nameUrl value="Organization-example-ru-core-organization-mednet.html"/><title value="Example Organization - example-ru-core-organization-mednet"/><generation value="generated"/></page></page></page><parameter><code value="path-resource"/><value value="input/capabilities"/></parameter><parameter><code value="path-resource"/><value value="input/examples"/></parameter><parameter><code value="path-resource"/><value value="input/extensions"/></parameter><parameter><code value="path-resource"/><value value="input/models"/></parameter><parameter><code value="path-resource"/><value value="input/operations"/></parameter><parameter><code value="path-resource"/><value value="input/profiles"/></parameter><parameter><code value="path-resource"/><value value="input/resources"/></parameter><parameter><code value="path-resource"/><value value="input/vocabulary"/></parameter><parameter><code value="path-resource"/><value value="input/maps"/></parameter><parameter><code value="path-resource"/><value value="input/testing"/></parameter><parameter><code value="path-resource"/><value value="input/history"/></parameter><parameter><code value="path-resource"/><value value="fsh-generated/resources"/></parameter><parameter><code value="path-pages"/><value value="template/config"/></parameter><parameter><code value="path-pages"/><value value="input/images"/></parameter><parameter><code value="path-tx-cache"/><value value="input-cache/txcache"/></parameter></definition></ImplementationGuide>