[
  {
    "id": "hl7.fhir.uv.max-fhir-ru",
    "type": "ImplementationGuide",
    "url": "https://maximnikolaev.github.io/max-fhir-ru/ImplementationGuide/hl7.fhir.uv.max-fhir-ru",
    "version": "0.2.0",
    "name": "MaxFhirRu"
  },
  {
    "id": "Encounter",
    "type": "StructureDefinition",
    "url": "https://maximnikolaev.github.io/max-fhir-ru/StructureDefinition-Encounter",
    "version": "0.2.0",
    "name": "Encounter"
  },
  {
    "id": "Observation",
    "type": "StructureDefinition",
    "url": "https://maximnikolaev.github.io/max-fhir-ru/StructureDefinition-Observation",
    "version": "0.2.0",
    "name": "Observation"
  },
  {
    "id": "Organization",
    "type": "StructureDefinition",
    "url": "https://maximnikolaev.github.io/max-fhir-ru/StructureDefinition-Organization",
    "version": "0.2.0",
    "name": "Organization"
  },
  {
    "id": "Patient",
    "type": "StructureDefinition",
    "url": "https://maximnikolaev.github.io/max-fhir-ru/StructureDefinition-Patient",
    "version": "0.2.0",
    "name": "Patient"
  },
  {
    "id": "Practitioner",
    "type": "StructureDefinition",
    "url": "https://maximnikolaev.github.io/max-fhir-ru/StructureDefinition-Practitioner",
    "version": "0.2.0",
    "name": "Practitioner"
  }
]