{
  "package": "hl7.fhir.uv.max-fhir-ru",
  "version": "0.2.0",
  "fhirVersion": "4.0.1",
  "jurisdiction": "001",
  "extensions": [],
  "profiles": {
    "Encounter": [
      {
        "url": "https://maximnikolaev.github.io/max-fhir-ru/StructureDefinition/Encounter",
        "title": "Случай обслуживания"
      }
    ],
    "Observation": [
      {
        "url": "https://maximnikolaev.github.io/max-fhir-ru/StructureDefinition/Observation",
        "title": "Результат наблюдения"
      }
    ],
    "Organization": [
      {
        "url": "https://maximnikolaev.github.io/max-fhir-ru/StructureDefinition/Organization",
        "title": "Организация"
      }
    ],
    "Patient": [
      {
        "url": "https://maximnikolaev.github.io/max-fhir-ru/StructureDefinition/Patient",
        "title": "Пациент"
      }
    ],
    "Practitioner": [
      {
        "url": "https://maximnikolaev.github.io/max-fhir-ru/StructureDefinition/Practitioner",
        "title": "Врач"
      }
    ]
  },
  "usage": {
    "http://hl7.org/fhir/StructureDefinition/elementdefinition-bestpractice": [
      "StructureDefinition.snapshot.element.constraint"
    ],
    "http://hl7.org/fhir/StructureDefinition/elementdefinition-bestpractice-explanation": [
      "StructureDefinition.snapshot.element.constraint"
    ],
    "http://hl7.org/fhir/StructureDefinition/elementdefinition-bindingName": [
      "StructureDefinition.snapshot.element.binding"
    ],
    "http://hl7.org/fhir/StructureDefinition/elementdefinition-isCommonBinding": [
      "StructureDefinition.snapshot.element.binding"
    ],
    "http://hl7.org/fhir/StructureDefinition/elementdefinition-maxValueSet": [
      "StructureDefinition.snapshot.element.binding"
    ],
    "http://hl7.org/fhir/StructureDefinition/structuredefinition-display-hint": [
      "StructureDefinition.snapshot.element"
    ],
    "http://hl7.org/fhir/StructureDefinition/structuredefinition-explicit-type-name": [
      "StructureDefinition.snapshot.element"
    ],
    "http://hl7.org/fhir/StructureDefinition/structuredefinition-fhir-type": [
      "StructureDefinition.snapshot.element.type"
    ],
    "http://hl7.org/fhir/StructureDefinition/structuredefinition-fmm": [
      "ImplementationGuide"
    ],
    "http://hl7.org/fhir/StructureDefinition/structuredefinition-hierarchy": [
      "StructureDefinition.snapshot.element.type"
    ],
    "http://hl7.org/fhir/StructureDefinition/structuredefinition-standards-status": [
      "ImplementationGuide",
      "StructureDefinition.snapshot.element"
    ],
    "http://hl7.org/fhir/tools/StructureDefinition/ig-parameter": [
      "ImplementationGuide.definition"
    ],
    "http://hl7.org/fhir/tools/StructureDefinition/resource-information": [
      "ImplementationGuide.definition.resource"
    ]
  }
}