{"resourceType":"ImplementationGuide","id":"hl7.fhir.uv.max-fhir-ru","text":{"status":"extensions","div":"<div xmlns=\"http://www.w3.org/1999/xhtml\"><h2>MaxFhirRu</h2><p>The official URL for this implementation guide is: </p><pre>https://maximnikolaev.github.io/max-fhir-ru/ImplementationGuide/hl7.fhir.uv.max-fhir-ru</pre><div><p>unofficial FHIR ru-core implementation guide for Russian Federation</p>\n</div></div>"},"extension":[{"url":"http://hl7.org/fhir/StructureDefinition/structuredefinition-standards-status","valueCode":"draft"},{"url":"http://hl7.org/fhir/StructureDefinition/structuredefinition-fmm","valueInteger":1}],"url":"https://maximnikolaev.github.io/max-fhir-ru/ImplementationGuide/hl7.fhir.uv.max-fhir-ru","version":"0.2.0","name":"MaxFhirRu","title":"unofficial FHIR ru-core implementation guide for Russian Federation","status":"draft","experimental":false,"date":"2022-07-01T21:06:10+03:00","publisher":"Maxim Nikolaev","contact":[{"telecom":[{"system":"url","value":"https://github.com/MaximNikolaev"}]}],"description":"unofficial FHIR ru-core implementation guide for Russian Federation","jurisdiction":[{"coding":[{"system":"http://unstats.un.org/unsd/methods/m49/m49.htm","code":"001"}]}],"packageId":"hl7.fhir.uv.max-fhir-ru","license":"CC0-1.0","fhirVersion":["4.0.1"],"dependsOn":[{"id":"hl7tx","uri":"http://terminology.hl7.org/ImplementationGuide/hl7.terminology","packageId":"hl7.terminology.r4","version":"3.1.0"}],"definition":{"extension":[{"extension":[{"url":"code","valueString":"copyrightyear"},{"url":"value","valueString":"2022+"}],"url":"http://hl7.org/fhir/tools/StructureDefinition/ig-parameter"},{"extension":[{"url":"code","valueString":"releaselabel"},{"url":"value","valueString":"draft Build"}],"url":"http://hl7.org/fhir/tools/StructureDefinition/ig-parameter"},{"extension":[{"url":"code","valueString":"shownav"},{"url":"value","valueString":"true"}],"url":"http://hl7.org/fhir/tools/StructureDefinition/ig-parameter"},{"extension":[{"url":"code","valueString":"showsource"},{"url":"value","valueString":"true"}],"url":"http://hl7.org/fhir/tools/StructureDefinition/ig-parameter"},{"extension":[{"url":"code","valueString":"autoload-resources"},{"url":"value","valueString":"true"}],"url":"http://hl7.org/fhir/tools/StructureDefinition/ig-parameter"},{"extension":[{"url":"code","valueString":"path-liquid"},{"url":"value","valueString":"template/liquid"}],"url":"http://hl7.org/fhir/tools/StructureDefinition/ig-parameter"},{"extension":[{"url":"code","valueString":"path-liquid"},{"url":"value","valueString":"input/liquid"}],"url":"http://hl7.org/fhir/tools/StructureDefinition/ig-parameter"},{"extension":[{"url":"code","valueString":"path-qa"},{"url":"value","valueString":"temp/qa"}],"url":"http://hl7.org/fhir/tools/StructureDefinition/ig-parameter"},{"extension":[{"url":"code","valueString":"path-temp"},{"url":"value","valueString":"temp/pages"}],"url":"http://hl7.org/fhir/tools/StructureDefinition/ig-parameter"},{"extension":[{"url":"code","valueString":"path-output"},{"url":"value","valueString":"output"}],"url":"http://hl7.org/fhir/tools/StructureDefinition/ig-parameter"},{"extension":[{"url":"code","valueString":"path-suppressed-warnings"},{"url":"value","valueString":"input/ignoreWarnings.txt"}],"url":"http://hl7.org/fhir/tools/StructureDefinition/ig-parameter"},{"extension":[{"url":"code","valueString":"path-history"},{"url":"value","valueString":"https://maximnikolaev.github.io/max-fhir-ru/history.html"}],"url":"http://hl7.org/fhir/tools/StructureDefinition/ig-parameter"},{"extension":[{"url":"code","valueString":"template-html"},{"url":"value","valueString":"template-page.html"}],"url":"http://hl7.org/fhir/tools/StructureDefinition/ig-parameter"},{"extension":[{"url":"code","valueString":"template-md"},{"url":"value","valueString":"template-page-md.html"}],"url":"http://hl7.org/fhir/tools/StructureDefinition/ig-parameter"},{"extension":[{"url":"code","valueString":"apply-contact"},{"url":"value","valueString":"true"}],"url":"http://hl7.org/fhir/tools/StructureDefinition/ig-parameter"},{"extension":[{"url":"code","valueString":"apply-context"},{"url":"value","valueString":"true"}],"url":"http://hl7.org/fhir/tools/StructureDefinition/ig-parameter"},{"extension":[{"url":"code","valueString":"apply-copyright"},{"url":"value","valueString":"true"}],"url":"http://hl7.org/fhir/tools/StructureDefinition/ig-parameter"},{"extension":[{"url":"code","valueString":"apply-jurisdiction"},{"url":"value","valueString":"true"}],"url":"http://hl7.org/fhir/tools/StructureDefinition/ig-parameter"},{"extension":[{"url":"code","valueString":"apply-license"},{"url":"value","valueString":"true"}],"url":"http://hl7.org/fhir/tools/StructureDefinition/ig-parameter"},{"extension":[{"url":"code","valueString":"apply-publisher"},{"url":"value","valueString":"true"}],"url":"http://hl7.org/fhir/tools/StructureDefinition/ig-parameter"},{"extension":[{"url":"code","valueString":"apply-version"},{"url":"value","valueString":"true"}],"url":"http://hl7.org/fhir/tools/StructureDefinition/ig-parameter"},{"extension":[{"url":"code","valueString":"active-tables"},{"url":"value","valueString":"true"}],"url":"http://hl7.org/fhir/tools/StructureDefinition/ig-parameter"}],"grouping":[{"id":"-str-profile","name":"Structures: Resource Profiles","description":"These define constraints on FHIR resources for systems conforming to this implementation guide"},{"id":"-str-extension","name":"Structures: Extension Definitions","description":"These define constraints on FHIR data types for systems conforming to this implementation guide"},{"id":"-term-valueset","name":"Terminology: Value Sets","description":"These define sets of codes used by systems conforming to this implementation guide"},{"id":"-term-codesystem","name":"Terminology: Code Systems","description":"These define new code systems used by systems conforming to this implementation guide"},{"id":"-ex-example","name":"Example: Example Instances","description":"These are example instances that show what data produced and consumed by systems conforming with this implementation guide might look like"}],"resource":[{"extension":[{"url":"http://hl7.org/fhir/StructureDefinition/implementationguide-page","valueUri":"Organization-example-ru-core-organization-mednet.html"}],"reference":{"reference":"Organization/example-ru-core-organization-mednet"},"name":"Example Organization - example-ru-core-organization-mednet","exampleCanonical":"https://maximnikolaev.github.io/max-fhir-ru/StructureDefinition/ru-core-organization","groupingId":"-ex-example"},{"extension":[{"url":"http://hl7.org/fhir/StructureDefinition/implementationguide-page","valueUri":"Organization-example-ru-core-organization-mednetv2.html"}],"reference":{"reference":"Organization/example-ru-core-organization-mednetv2"},"name":"Example Organization - example-ru-core-organization-mednetv2","exampleCanonical":"https://maximnikolaev.github.io/max-fhir-ru/StructureDefinition/ru-core-organizationv2","groupingId":"-ex-example"},{"extension":[{"url":"http://hl7.org/fhir/StructureDefinition/implementationguide-page","valueUri":"CodeSystem-activityKindFrmo.html"}],"reference":{"reference":"CodeSystem/activityKindFrmo"},"name":"Вид деятельности организации (ФРМО)","description":"ФРМО. Номенклатура медицинских организаций по виду медицинской деятельности","groupingId":"-term-codesystem"},{"extension":[{"url":"http://hl7.org/fhir/StructureDefinition/implementationguide-page","valueUri":"CodeSystem-activityKindRzn.html"}],"reference":{"reference":"CodeSystem/activityKindRzn"},"name":"Вид деятельности организации (РЗН)","description":"Справочник видов деятельности по классификации Росздравнадзора","groupingId":"-term-codesystem"},{"extension":[{"url":"http://hl7.org/fhir/StructureDefinition/implementationguide-page","valueUri":"CodeSystem-activityType.html"}],"reference":{"reference":"CodeSystem/activityType"},"name":"Тип деятельности организации","description":"Классификатор типов деятельности организации","groupingId":"-term-codesystem"},{"extension":[{"url":"http://hl7.org/fhir/StructureDefinition/implementationguide-page","valueUri":"CodeSystem-businessEntityIndividual.html"}],"reference":{"reference":"CodeSystem/businessEntityIndividual"},"name":"Юридическое / физическое лицо","description":"Юридическое или физическое лицо (используется для организаций)","groupingId":"-term-codesystem"},{"extension":[{"url":"http://hl7.org/fhir/StructureDefinition/implementationguide-page","valueUri":"CodeSystem-okato.html"}],"reference":{"reference":"CodeSystem/okato"},"name":"Классификатор ОКАТО","description":"Общероссийский классификатор объектов административно-территориального деления","groupingId":"-term-codesystem"},{"extension":[{"url":"http://hl7.org/fhir/StructureDefinition/implementationguide-page","valueUri":"CodeSystem-okfs.html"}],"reference":{"reference":"CodeSystem/okfs"},"name":"Классификатор ОКФС","description":"Общероссийский классификатор форм собственности","groupingId":"-term-codesystem"},{"extension":[{"url":"http://hl7.org/fhir/StructureDefinition/implementationguide-page","valueUri":"CodeSystem-okogu.html"}],"reference":{"reference":"CodeSystem/okogu"},"name":"Классификатор ОКОГУ","description":"Общероссийский классификатор органов государственной власти и управления","groupingId":"-term-codesystem"},{"extension":[{"url":"http://hl7.org/fhir/StructureDefinition/implementationguide-page","valueUri":"CodeSystem-okopf.html"}],"reference":{"reference":"CodeSystem/okopf"},"name":"Классификатор ОКОПФ","description":"Общероссийский классификатор организационно-правовых форм","groupingId":"-term-codesystem"},{"extension":[{"url":"http://hl7.org/fhir/StructureDefinition/implementationguide-page","valueUri":"CodeSystem-oktmo.html"}],"reference":{"reference":"CodeSystem/oktmo"},"name":"Классификатор ОКТМО","description":"Общероссийский классификатор территорий муниципальных образований","groupingId":"-term-codesystem"},{"extension":[{"url":"http://hl7.org/fhir/StructureDefinition/implementationguide-page","valueUri":"CodeSystem-okved.html"}],"reference":{"reference":"CodeSystem/okved"},"name":"Классификатор ОКВЭД","description":"Общероссийский классификатор видов экономической деятельности","groupingId":"-term-codesystem"},{"extension":[{"url":"http://hl7.org/fhir/StructureDefinition/implementationguide-page","valueUri":"StructureDefinition-ru-core-activityKindFrmo.html"}],"reference":{"reference":"StructureDefinition/ru-core-activityKindFrmo"},"name":"Вид деятельности (ФРМО)","description":"ФРМО. Номенклатура медицинских организаций по виду медицинской деятельности","groupingId":"-str-extension"},{"extension":[{"url":"http://hl7.org/fhir/StructureDefinition/implementationguide-page","valueUri":"StructureDefinition-ru-core-activityKindRzn.html"}],"reference":{"reference":"StructureDefinition/ru-core-activityKindRzn"},"name":"Вид деятельности (РЗН)","description":"Справочник видов деятельности по классификации Росздравнадзора","groupingId":"-str-extension"},{"extension":[{"url":"http://hl7.org/fhir/StructureDefinition/implementationguide-page","valueUri":"StructureDefinition-ru-core-activityType.html"}],"reference":{"reference":"StructureDefinition/ru-core-activityType"},"name":"Тип деятельности","description":"Классификация организаций по типам деятельности","groupingId":"-str-extension"},{"extension":[{"url":"http://hl7.org/fhir/StructureDefinition/implementationguide-page","valueUri":"StructureDefinition-ru-core-businessEntityIndividual.html"}],"reference":{"reference":"StructureDefinition/ru-core-businessEntityIndividual"},"name":"Юридическое / физическое лицо","description":"Юридическое / физическое лицо","groupingId":"-str-extension"},{"extension":[{"url":"http://hl7.org/fhir/StructureDefinition/implementationguide-page","valueUri":"StructureDefinition-ru-core-fssRegistration.html"}],"reference":{"reference":"StructureDefinition/ru-core-fssRegistration"},"name":"Данные о регистрации в ФСС","description":"Данные о регистрации в ФСС Фонде Социального Страхования Российской Федерации (рег. номер в ПФР и наименование органа ФСС)","groupingId":"-str-extension"},{"extension":[{"url":"http://hl7.org/fhir/StructureDefinition/implementationguide-page","valueUri":"StructureDefinition-ru-core-okato.html"}],"reference":{"reference":"StructureDefinition/ru-core-okato"},"name":"ОКАТО","description":"ОКАТО Общероссийский классификатор объектов административно-территориального деления","groupingId":"-str-extension"},{"extension":[{"url":"http://hl7.org/fhir/StructureDefinition/implementationguide-page","valueUri":"StructureDefinition-ru-core-okfs.html"}],"reference":{"reference":"StructureDefinition/ru-core-okfs"},"name":"ОКФС","description":"ОКФС Общероссийский классификатор форм собственности","groupingId":"-str-extension"},{"extension":[{"url":"http://hl7.org/fhir/StructureDefinition/implementationguide-page","valueUri":"StructureDefinition-ru-core-okogu.html"}],"reference":{"reference":"StructureDefinition/ru-core-okogu"},"name":"ОКОГУ","description":"ОКОГУ Общероссийский классификатор органов государственной власти и управления","groupingId":"-str-extension"},{"extension":[{"url":"http://hl7.org/fhir/StructureDefinition/implementationguide-page","valueUri":"StructureDefinition-ru-core-okopf.html"}],"reference":{"reference":"StructureDefinition/ru-core-okopf"},"name":"ОКОПФ","description":"ОКОПФ Общероссийский классификатор организационно-правовых форм","groupingId":"-str-extension"},{"extension":[{"url":"http://hl7.org/fhir/StructureDefinition/implementationguide-page","valueUri":"StructureDefinition-ru-core-okpo.html"}],"reference":{"reference":"StructureDefinition/ru-core-okpo"},"name":"ОКПО","description":"ОКПО Общероссийский классификатор предприятий и организаций","groupingId":"-str-extension"},{"extension":[{"url":"http://hl7.org/fhir/StructureDefinition/implementationguide-page","valueUri":"StructureDefinition-ru-core-oktmo.html"}],"reference":{"reference":"StructureDefinition/ru-core-oktmo"},"name":"ОКТМО","description":"ОКТМО Общероссийский классификатор территорий муниципальных образований","groupingId":"-str-extension"},{"extension":[{"url":"http://hl7.org/fhir/StructureDefinition/implementationguide-page","valueUri":"StructureDefinition-ru-core-okved.html"}],"reference":{"reference":"StructureDefinition/ru-core-okved"},"name":"ОКВЭД","description":"ОКВЭД Общероссийский классификатор видов экономической деятельности","groupingId":"-str-extension"},{"extension":[{"url":"http://hl7.org/fhir/StructureDefinition/implementationguide-page","valueUri":"StructureDefinition-ru-core-organization.html"}],"reference":{"reference":"StructureDefinition/ru-core-organization"},"name":"Организация (профиль)","description":"Определяет базовый профиль Организация","groupingId":"-str-profile"},{"extension":[{"url":"http://hl7.org/fhir/StructureDefinition/implementationguide-page","valueUri":"StructureDefinition-ru-core-organizationv2.html"}],"reference":{"reference":"StructureDefinition/ru-core-organizationv2"},"name":"Организация (профиль) v2","description":"Определяет базовый профиль Организация. Коды по классификаторам перенесены в type.","groupingId":"-str-profile"},{"extension":[{"url":"http://hl7.org/fhir/StructureDefinition/implementationguide-page","valueUri":"StructureDefinition-ru-core-pfrRegistration.html"}],"reference":{"reference":"StructureDefinition/ru-core-pfrRegistration"},"name":"Данные о регистрации в ПФР","description":"Данные о регистрации в ПФР Пенсионном Фонде Российской Федерации (рег. номер в ПФР и наименование органа ПФР)","groupingId":"-str-extension"},{"extension":[{"url":"http://hl7.org/fhir/StructureDefinition/implementationguide-page","valueUri":"StructureDefinition-ru-core-stateRegistration.html"}],"reference":{"reference":"StructureDefinition/ru-core-stateRegistration"},"name":"Свидетельство о гос. регистрации","description":"Данные о государственной регистрации юридического лица / ИП (номер и дата свидетельства)","groupingId":"-str-extension"},{"extension":[{"url":"http://hl7.org/fhir/StructureDefinition/implementationguide-page","valueUri":"ValueSet-ru-core-businessEntityIndividualVS.html"}],"reference":{"reference":"ValueSet/ru-core-businessEntityIndividualVS"},"name":"Юридическое или физическое лицо","description":"Определяет, является ли ресурс юридическим или физическом лицом","groupingId":"-term-valueset"}],"page":{"nameUrl":"toc.html","title":"Содержание","generation":"html","page":[{"nameUrl":"index.html","title":"Руководство","generation":"markdown"},{"nameUrl":"downloads.html","title":"Загрузки","generation":"html"},{"nameUrl":"artifacts.html","title":"Сводка по материалам","generation":"html","page":[{"nameUrl":"StructureDefinition-ru-core-organization.html","title":"Организация (профиль)","generation":"generated"},{"nameUrl":"StructureDefinition-ru-core-organizationv2.html","title":"Организация (профиль) v2","generation":"generated"},{"nameUrl":"StructureDefinition-ru-core-activityKindFrmo.html","title":"Вид деятельности (ФРМО)","generation":"generated"},{"nameUrl":"StructureDefinition-ru-core-activityKindRzn.html","title":"Вид деятельности (РЗН)","generation":"generated"},{"nameUrl":"StructureDefinition-ru-core-activityType.html","title":"Тип деятельности","generation":"generated"},{"nameUrl":"StructureDefinition-ru-core-businessEntityIndividual.html","title":"Юридическое / физическое лицо","generation":"generated"},{"nameUrl":"StructureDefinition-ru-core-fssRegistration.html","title":"Данные о регистрации в ФСС","generation":"generated"},{"nameUrl":"StructureDefinition-ru-core-okato.html","title":"ОКАТО","generation":"generated"},{"nameUrl":"StructureDefinition-ru-core-okfs.html","title":"ОКФС","generation":"generated"},{"nameUrl":"StructureDefinition-ru-core-okogu.html","title":"ОКОГУ","generation":"generated"},{"nameUrl":"StructureDefinition-ru-core-okopf.html","title":"ОКОПФ","generation":"generated"},{"nameUrl":"StructureDefinition-ru-core-okpo.html","title":"ОКПО","generation":"generated"},{"nameUrl":"StructureDefinition-ru-core-oktmo.html","title":"ОКТМО","generation":"generated"},{"nameUrl":"StructureDefinition-ru-core-okved.html","title":"ОКВЭД","generation":"generated"},{"nameUrl":"StructureDefinition-ru-core-pfrRegistration.html","title":"Данные о регистрации в ПФР","generation":"generated"},{"nameUrl":"StructureDefinition-ru-core-stateRegistration.html","title":"Свидетельство о гос. регистрации","generation":"generated"},{"nameUrl":"ValueSet-ru-core-businessEntityIndividualVS.html","title":"Юридическое или физическое лицо","generation":"generated"},{"nameUrl":"CodeSystem-activityKindFrmo.html","title":"Вид деятельности организации (ФРМО)","generation":"generated"},{"nameUrl":"CodeSystem-activityKindRzn.html","title":"Вид деятельности организации (РЗН)","generation":"generated"},{"nameUrl":"CodeSystem-activityType.html","title":"Тип деятельности организации","generation":"generated"},{"nameUrl":"CodeSystem-businessEntityIndividual.html","title":"Юридическое / физическое лицо","generation":"generated"},{"nameUrl":"CodeSystem-okato.html","title":"Классификатор ОКАТО","generation":"generated"},{"nameUrl":"CodeSystem-okfs.html","title":"Классификатор ОКФС","generation":"generated"},{"nameUrl":"CodeSystem-okogu.html","title":"Классификатор ОКОГУ","generation":"generated"},{"nameUrl":"CodeSystem-okopf.html","title":"Классификатор ОКОПФ","generation":"generated"},{"nameUrl":"CodeSystem-oktmo.html","title":"Классификатор ОКТМО","generation":"generated"},{"nameUrl":"CodeSystem-okved.html","title":"Классификатор ОКВЭД","generation":"generated"},{"nameUrl":"Organization-example-ru-core-organization-mednet.html","title":"Example Organization - example-ru-core-organization-mednet","generation":"generated"},{"nameUrl":"Organization-example-ru-core-organization-mednetv2.html","title":"Example Organization - example-ru-core-organization-mednetv2","generation":"generated"}]}]},"parameter":[{"code":"path-resource","value":"input/capabilities"},{"code":"path-resource","value":"input/examples"},{"code":"path-resource","value":"input/extensions"},{"code":"path-resource","value":"input/models"},{"code":"path-resource","value":"input/operations"},{"code":"path-resource","value":"input/profiles"},{"code":"path-resource","value":"input/resources"},{"code":"path-resource","value":"input/vocabulary"},{"code":"path-resource","value":"input/maps"},{"code":"path-resource","value":"input/testing"},{"code":"path-resource","value":"input/history"},{"code":"path-resource","value":"fsh-generated/resources"},{"code":"path-pages","value":"template/config"},{"code":"path-pages","value":"input/images"},{"code":"path-tx-cache","value":"input-cache/txcache"}]}}