{
  "resourceType": "CodeSystem",
  "id": "okato",
  "text": {
    "status": "generated",
    "div": "<div xmlns=\"http://www.w3.org/1999/xhtml\"><p>This code system https://maximnikolaev.github.io/max-fhir-ru/CodeSystem/okato defines many codes, of which the following are a subset:</p><table class=\"codes\"><tr><td style=\"white-space:nowrap\"><b>Code</b></td><td><b>Display</b></td></tr><tr><td style=\"white-space:nowrap\">45 280 561<a name=\"okato-45280561\"> </a></td><td>Бутырский</td></tr></table></div>"
  },
  "url": "https://maximnikolaev.github.io/max-fhir-ru/CodeSystem/okato",
  "version": "0.2.0",
  "name": "Okato",
  "title": "Классификатор ОКАТО",
  "status": "draft",
  "date": "2022-06-30T12:52:13+03:00",
  "publisher": "Maxim Nikolaev",
  "contact": [
    {
      "telecom": [
        {
          "system": "url",
          "value": "https://github.com/MaximNikolaev"
        }
      ]
    }
  ],
  "description": "Общероссийский классификатор объектов административно-территориального деления",
  "jurisdiction": [
    {
      "coding": [
        {
          "system": "http://unstats.un.org/unsd/methods/m49/m49.htm",
          "code": "001"
        }
      ]
    }
  ],
  "caseSensitive": false,
  "content": "fragment",
  "concept": [
    {
      "code": "45 280 561",
      "display": "Бутырский"
    }
  ]
}